387000,Piston Helicopters
294900,Single Engine Piston
184900,Single Engine Piston
609000,Single Engine Piston
699000,Single Engine Piston
749000,Single Engine Piston
650000,Single Engine Piston
595000,Private Jets
420000,Single Engine Piston
1280000,Turbine Helicopters
279900,Single Engine Piston
185000,Single Engine Piston
889000,Single Engine Piston
304900,Single Engine Piston
80000,Single Engine Piston
115000,Single Engine Piston
249000,Single Engine Piston
249000,Single Engine Piston
125000,Single Engine Piston
99000,Single Engine Piston
221900,Single Engine Piston
234000,Multi Engine Piston
349900,Multi Engine Piston
995000,Turboprop
169900,Single Engine Piston
275000,Private Jets
139000,Single Engine Piston
259000,Single Engine Piston
375000,Single Engine Piston
4500000,Single Engine Piston
3995000,Single Engine Piston
1950000,Single Engine Piston
23900,Single Engine Piston
85000,Single Engine Piston
52500,Single Engine Piston
35500,Single Engine Piston
3250000,Single Engine Piston
1200000,Single Engine Piston
1600000,Single Engine Piston
1050000,Single Engine Piston
180000,Single Engine Piston
179000,Single Engine Piston
120000,Single Engine Piston
750000,Single Engine Piston
35500,Single Engine Piston
95000,Piston Helicopters
59500,Single Engine Piston
38000,Single Engine Piston
96000,Single Engine Piston
169000,Single Engine Piston
24000,Single Engine Piston
80000,Multi Engine Piston
129000,Multi Engine Piston
40000,Single Engine Piston
79900,Single Engine Piston
479000,Single Engine Piston
75000,Single Engine Piston
35000,Single Engine Piston
65000,Single Engine Piston
49872,Single Engine Piston
22000,Single Engine Piston
34500,Single Engine Piston
95000,Single Engine Piston
62000,Single Engine Piston
68900,Single Engine Piston
390000,Single Engine Piston
199900,Turbine Helicopters
175000,Single Engine Piston
124900,Multi Engine Piston
63900,Single Engine Piston
135000,Multi Engine Piston
75000,Single Engine Piston
89000,Single Engine Piston
299000,Turboprop
193000,Multi Engine Piston
108000,Single Engine Piston
164500,Multi Engine Piston
199500,Multi Engine Piston
169950,Multi Engine Piston
159000,Multi Engine Piston
85000,Single Engine Piston
139900,Multi Engine Piston
129500,Multi Engine Piston
125000,Single Engine Piston
226900,Turboprop
199000,Multi Engine Piston
259900,Multi Engine Piston
145000,Single Engine Piston
107000,Single Engine Piston
205000,Multi Engine Piston
219900,Multi Engine Piston
109000,Multi Engine Piston
239000,Multi Engine Piston
72000,Single Engine Piston
94900,Single Engine Piston
165000,Multi Engine Piston
112000,Single Engine Piston
108000,Single Engine Piston
285000,Multi Engine Piston
259000,Multi Engine Piston
325000,Multi Engine Piston
88500,Multi Engine Piston
94900,Single Engine Piston
125000,Single Engine Piston
195000,Multi Engine Piston
66000,Single Engine Piston
189000,Multi Engine Piston
179000,Multi Engine Piston
115000,Single Engine Piston
129900,Multi Engine Piston
419000,Multi Engine Piston
595000,Turboprop
125000,Single Engine Piston
135000,Single Engine Piston
249900,Single Engine Piston
398000,Single Engine Piston
117900,Single Engine Piston
319000,Single Engine Piston
112500,Single Engine Piston
163000,Single Engine Piston
1150000,Turboprop
13500,Single Engine Piston
129000,Single Engine Piston
438000,Single Engine Piston
424900,Single Engine Piston
129000,Single Engine Piston
209000,Single Engine Piston
269900,Single Engine Piston
1295000,Turboprop
2150000,Private Jets
449000,Single Engine Piston
189500,Single Engine Piston
145000,Single Engine Piston
139900,Single Engine Piston
110000,Single Engine Piston
370000,Multi Engine Piston
394000,Multi Engine Piston
220000,Single Engine Piston
289000,Single Engine Piston
95000,Piston Helicopters
107000,Single Engine Piston
150000,Single Engine Piston
1225000,Turboprop
167500,Single Engine Piston
119900,Single Engine Piston
169900,Single Engine Piston
435000,Private Jets
235000,Single Engine Piston
1475000,Turboprop
255000,Single Engine Piston
299000,Single Engine Piston
64500,Single Engine Piston
486000,Single Engine Piston
345000,Single Engine Piston
325000,Single Engine Piston
399000,Piston Helicopters
79500,Single Engine Piston
1600000,Turboprop
319900,Single Engine Piston
290000,Single Engine Piston
339900,Single Engine Piston
1695000,Turboprop
229000,Single Engine Piston
209900,Single Engine Piston
269900,Single Engine Piston
450000,Single Engine Piston
789000,Single Engine Piston
99900,Single Engine Piston
444000,Piston Helicopters
165000,Single Engine Piston
529900,Multi Engine Piston
221900,Single Engine Piston
82900,Single Engine Piston
182500,Multi Engine Piston
324900,Multi Engine Piston
99500,Single Engine Piston
59999,Single Engine Piston
379900,Turbine Helicopters
123000,Single Engine Piston
375000,Single Engine Piston
65000,Single Engine Piston
189000,Single Engine Piston
219900,Multi Engine Piston
164900,Multi Engine Piston
979000,Multi Engine Piston
3399000,Turboprop
670000,Turboprop
1795000,Single Engine Piston
395000,Private Jets
225000,Single Engine Piston
140000,Single Engine Piston
479010,Piston Helicopters
852000,Turbine Helicopters
189000,Single Engine Piston
99000,Single Engine Piston
190000,Piston Helicopters
348000,Single Engine Piston
229000,Multi Engine Piston
725000,Single Engine Piston
709000,Single Engine Piston
749000,Single Engine Piston
819000,Single Engine Piston
745000,Single Engine Piston
845000,Single Engine Piston
1995000,Private Jets
145000,Single Engine Piston
339000,Piston Helicopters
2150000,Turboprop
2499000,Turboprop
2358600,Turboprop
295000,Piston Helicopters
799000,Turbine Helicopters
158000,Piston Helicopters
3449000,Turboprop
3395000,Turboprop
207923,Single Engine Piston
549000,Single Engine Piston
324900,Single Engine Piston
485000,Single Engine Piston
519000,Single Engine Piston
1850000,Private Jets
569000,Single Engine Piston
89900,Gliders / Sailplanes
299000,Piston Helicopters
63000,Single Engine Piston
37500,Single Engine Piston
225000,Single Engine Piston
199500,Single Engine Piston
84500,Single Engine Piston
259500,Single Engine Piston
2995000,Turboprop
3595000,Turboprop
1950000,Turboprop
98000,Single Engine Piston
49900,Single Engine Piston
250000,Single Engine Piston
49999,Single Engine Piston
67900,Single Engine Piston
239900,Single Engine Piston
69900,Single Engine Piston
64450,Single Engine Piston
1999000,Turboprop
669000,Single Engine Piston
169900,Single Engine Piston
330000,Piston Helicopters
459000,Piston Helicopters
135000,Single Engine Piston
20000,Single Engine Piston
520000,Single Engine Piston
110000,Piston Helicopters
35000,Single Engine Piston
189000,Single Engine Piston
69500,Single Engine Piston
84900,Single Engine Piston
22000,Single Engine Piston
550000,Multi Engine Piston
369900,Single Engine Piston
1250000,Private Jets
257900,Single Engine Piston
2950000,Private Jets
324900,Single Engine Piston
274900,Single Engine Piston
279900,Single Engine Piston
250000,Single Engine Piston
294900,Single Engine Piston
49500,Single Engine Piston
239000,Single Engine Piston
297000,Single Engine Piston
140000,Single Engine Piston
69000,Piston Helicopters
59000,Piston Helicopters
240000,Piston Helicopters
55000,Piston Helicopters
279500,Single Engine Piston
1140000,Turboprop
325000,Single Engine Piston
209000,Single Engine Piston
2750000,Private Jets
109000,Single Engine Piston
89000,Single Engine Piston
310000,Single Engine Piston
232000,Single Engine Piston
108000,Single Engine Piston
189900,Single Engine Piston
385000,Multi Engine Piston
159000,Single Engine Piston
75500,Single Engine Piston
87500,Single Engine Piston
85000,Piston Helicopters
38000,Piston Helicopters
147000,Piston Helicopters
64000,Single Engine Piston
339000,Multi Engine Piston
3375000,Turbine Helicopters
1095000,Private Jets
67500,Single Engine Piston
50000,Single Engine Piston
1025000,Turboprop
950000,Turboprop
49000,Single Engine Piston
160000,Piston Helicopters
575000,Turbine Helicopters
78700,Single Engine Piston
91900,Single Engine Piston
155000,Single Engine Piston
173900,Single Engine Piston
199500,Multi Engine Piston
259000,Single Engine Piston
365000,Private Jets
155000,Private Jets
189800,Multi Engine Piston
235000,Single Engine Piston
599000,Turbine Helicopters
65000,Single Engine Piston
150000,Multi Engine Piston
169500,Single Engine Piston
145000,Multi Engine Piston
139500,Multi Engine Piston
900000,Private Jets
395000,Private Jets
899000,Turboprop
550000,Turboprop
575000,Turboprop
540000,Turboprop
199900,Single Engine Piston
205000,Single Engine Piston
147500,Single Engine Piston
239500,Single Engine Piston
199900,Single Engine Piston
192500,Single Engine Piston
474900,Private Jets
549900,Turboprop
698000,Turboprop
59900,Single Engine Piston
85000,Single Engine Piston
134900,Single Engine Piston
100000,Single Engine Piston
349000,Multi Engine Piston
185995,Multi Engine Piston
117000,Single Engine Piston
74500,Single Engine Piston
124500,Single Engine Piston
84000,Single Engine Piston
50000,Single Engine Piston
49853,Single Engine Piston
1495000,Turbine Helicopters
65000,Single Engine Piston
98500,Single Engine Piston
84000,Single Engine Piston
129900,Single Engine Piston
60000,Single Engine Piston
70000,Single Engine Piston
164900,Single Engine Piston
47500,Single Engine Piston
110000,Single Engine Piston
99000,Single Engine Piston
79500,Single Engine Piston
95000,Single Engine Piston
109500,Single Engine Piston
115000,Multi Engine Piston
299900,Multi Engine Piston
159000,Multi Engine Piston
299900,Multi Engine Piston
139900,Multi Engine Piston
199000,Multi Engine Piston
210000,Multi Engine Piston
179000,Multi Engine Piston
185000,Multi Engine Piston
279000,Multi Engine Piston
139900,Single Engine Piston
95000,Single Engine Piston
975000,Private Jets
239000,Single Engine Piston
144000,Single Engine Piston
210000,Single Engine Piston
375000,Single Engine Piston
130000,Single Engine Piston
85000,Single Engine Piston
69950,Single Engine Piston
165900,Single Engine Piston
150000,Multi Engine Piston
310000,Multi Engine Piston
210000,Multi Engine Piston
150000,Multi Engine Piston
119000,Single Engine Piston
105000,Single Engine Piston
116900,Single Engine Piston
79900,Multi Engine Piston
62900,Single Engine Piston
46000,Single Engine Piston
279000,Turboprop
340000,Turboprop
149000,Multi Engine Piston
239000,Multi Engine Piston
119500,Multi Engine Piston
175000,Multi Engine Piston
179000,Multi Engine Piston
145000,Multi Engine Piston
49950,Single Engine Piston
124000,Single Engine Piston
49900,Single Engine Piston
42500,Single Engine Piston
87500,Single Engine Piston
129900,Single Engine Piston
149000,Single Engine Piston
94900,Single Engine Piston
104000,Single Engine Piston
119500,Single Engine Piston
105500,Single Engine Piston
139900,Single Engine Piston
99950,Single Engine Piston
70000,Single Engine Piston
97000,Single Engine Piston
140000,Single Engine Piston
105000,Multi Engine Piston
124000,Multi Engine Piston
219000,Multi Engine Piston
275000,Multi Engine Piston
329000,Multi Engine Piston
259000,Multi Engine Piston
194500,Multi Engine Piston
187000,Multi Engine Piston
249000,Multi Engine Piston
299000,Multi Engine Piston
179900,Private Jets
129500,Single Engine Piston
172900,Single Engine Piston
89500,Single Engine Piston
65000,Single Engine Piston
109000,Single Engine Piston
230000,Single Engine Piston
295000,Private Jets
190000,Multi Engine Piston
144000,Multi Engine Piston
166500,Multi Engine Piston
119000,Multi Engine Piston
399000,Multi Engine Piston
120000,Single Engine Piston
195000,Multi Engine Piston
219950,Multi Engine Piston
189900,Single Engine Piston
72000,Single Engine Piston
135000,Multi Engine Piston
899000,Turboprop
159000,Single Engine Piston
140000,Single Engine Piston
94500,Single Engine Piston
82500,Single Engine Piston
220000,Single Engine Piston
135000,Single Engine Piston
121500,Single Engine Piston
139900,Single Engine Piston
94900,Single Engine Piston
140000,Single Engine Piston
165000,Single Engine Piston
107000,Single Engine Piston
165000,Multi Engine Piston
165000,Multi Engine Piston
158500,Multi Engine Piston
295000,Multi Engine Piston
295000,Multi Engine Piston
299000,Multi Engine Piston
269000,Single Engine Piston
179900,Single Engine Piston
775000,Turboprop
179900,Single Engine Piston
209900,Single Engine Piston
159000,Single Engine Piston
98900,Single Engine Piston
249000,Single Engine Piston
160000,Single Engine Piston
63000,Single Engine Piston
130000,Single Engine Piston
94999,Single Engine Piston
140000,Single Engine Piston
56900,Single Engine Piston
64950,Single Engine Piston
120000,Single Engine Piston
104900,Single Engine Piston
179900,Single Engine Piston
199000,Multi Engine Piston
225000,Multi Engine Piston
92000,Multi Engine Piston
86500,Multi Engine Piston
145000,Multi Engine Piston
129000,Multi Engine Piston
24900,Single Engine Piston
210000,Multi Engine Piston
165000,Multi Engine Piston
117000,Multi Engine Piston
449000,Turboprop
559000,Turboprop
32900,Single Engine Piston
44000,Single Engine Piston
119900,Single Engine Piston
54500,Single Engine Piston
59500,Single Engine Piston
130000,Single Engine Piston
59000,Single Engine Piston
95000,Single Engine Piston
105000,Single Engine Piston
90000,Single Engine Piston
99500,Single Engine Piston
119900,Single Engine Piston
125000,Single Engine Piston
230000,Multi Engine Piston
300000,Turboprop
499000,Turboprop
189900,Single Engine Piston
154500,Single Engine Piston
299900,Multi Engine Piston
109500,Multi Engine Piston
168000,Single Engine Piston
32000,Single Engine Piston
159000,Multi Engine Piston
189000,Multi Engine Piston
320000,Multi Engine Piston
299000,Single Engine Piston
229000,Multi Engine Piston
895000,Turboprop
19950,Single Engine Piston
449950,Turbine Helicopters
41500,Single Engine Piston
59900,Single Engine Piston
55000,Single Engine Piston
136500,Single Engine Piston
120000,Single Engine Piston
139500,Single Engine Piston
159000,Multi Engine Piston
449000,Multi Engine Piston
185000,Multi Engine Piston
379000,Multi Engine Piston
195000,Multi Engine Piston
399000,Private Jets
345000,Turboprop
209000,Single Engine Piston
237000,Single Engine Piston
225000,Single Engine Piston
169000,Single Engine Piston
450000,Turboprop
175000,Piston Helicopters
78000,Single Engine Piston
95000,Single Engine Piston
108500,Single Engine Piston
79500,Single Engine Piston
99500,Single Engine Piston
349500,Turboprop
140000,Single Engine Piston
319000,Multi Engine Piston
179900,Multi Engine Piston
249000,Multi Engine Piston
323000,Multi Engine Piston
129500,Single Engine Piston
165000,Single Engine Piston
129900,Multi Engine Piston
159500,Single Engine Piston
140000,Single Engine Piston
79900,Multi Engine Piston
62000,Single Engine Piston
259000,Private Jets
249900,Single Engine Piston
795000,Turboprop
65000,Single Engine Piston
85000,Single Engine Piston
535000,Multi Engine Piston
475000,Multi Engine Piston
399000,Multi Engine Piston
215000,Single Engine Piston
159950,Private Jets
575000,Private Jets
225000,Single Engine Piston
399000,Multi Engine Piston
390000,Multi Engine Piston
169000,Single Engine Piston
139500,Single Engine Piston
645000,Turboprop
215000,Single Engine Piston
180000,Single Engine Piston
239000,Multi Engine Piston
174500,Single Engine Piston
29500,Single Engine Piston
89700,Single Engine Piston
151000,Piston Helicopters
385000,Private Jets
86000,Single Engine Piston
315000,Private Jets
295000,Single Engine Piston
445000,Turboprop
129900,Single Engine Piston
110000,Single Engine Piston
149900,Single Engine Piston
165000,Single Engine Piston
325000,Multi Engine Piston
495000,Turboprop
69900,Single Engine Piston
79000,Single Engine Piston
235000,Private Jets
285000,Single Engine Piston
63500,Single Engine Piston
255000,Single Engine Piston
21500,Single Engine Piston
134900,Single Engine Piston
465000,Private Jets
290000,Single Engine Piston
310000,Single Engine Piston
320000,Single Engine Piston
185000,Single Engine Piston
129900,Single Engine Piston
85000,Single Engine Piston
137500,Single Engine Piston
279000,Single Engine Piston
32000,Single Engine Piston
319900,Multi Engine Piston
259995,Single Engine Piston
245000,Single Engine Piston
189000,Single Engine Piston
295000,Piston Helicopters
239000,Single Engine Piston
325000,Single Engine Piston
74000,Single Engine Piston
114900,Single Engine Piston
220000,Single Engine Piston
235000,Single Engine Piston
249000,Single Engine Piston
795000,Turboprop
105000,Single Engine Piston
52500,Single Engine Piston
165000,Single Engine Piston
167500,Single Engine Piston
295000,Single Engine Piston
169000,Piston Helicopters
165500,Single Engine Piston
179000,Single Engine Piston
118000,Single Engine Piston
1795000,Turboprop
109000,Single Engine Piston
84500,Single Engine Piston
299000,Single Engine Piston
1100000,Private Jets
525000,Turbine Helicopters
189000,Single Engine Piston
385000,Single Engine Piston
55000,Single Engine Piston
225000,Multi Engine Piston
99900,Piston Helicopters
39900,Single Engine Piston
450000,Single Engine Piston
89900,Single Engine Piston
325000,Turboprop
1295000,Turboprop
155000,Single Engine Piston
1965000,Private Jets
69000,Single Engine Piston
73000,Single Engine Piston
199900,Single Engine Piston
149500,Single Engine Piston
25000,Single Engine Piston
25000,Single Engine Piston
1245000,Private Jets
210000,Single Engine Piston
239900,Single Engine Piston
100000,Piston Helicopters
420000,Turboprop
395000,Multi Engine Piston
325000,Single Engine Piston
2150000,Turboprop
1395000,Turboprop
148900,Single Engine Piston
119500,Single Engine Piston
1250000,Private Jets
189900,Single Engine Piston
725000,Private Jets
485000,Single Engine Piston
265000,Single Engine Piston
129000,Single Engine Piston
695000,Single Engine Piston
1199000,Private Jets
110000,Single Engine Piston
155000,Single Engine Piston
150000,Single Engine Piston
375000,Single Engine Piston
335000,Single Engine Piston
1795000,Turboprop
4000000,Private Jets
159000,Single Engine Piston
139900,Single Engine Piston
154900,Single Engine Piston
275000,Single Engine Piston
85500,Single Engine Piston
239000,Single Engine Piston
420000,Single Engine Piston
289900,Single Engine Piston
155000,Piston Helicopters
65000,Single Engine Piston
342000,Turboprop
34000,Single Engine Piston
330000,Turboprop
82000,Single Engine Piston
319000,Single Engine Piston
2750000,Turboprop
465000,Single Engine Piston
189500,Single Engine Piston
185000,Single Engine Piston
175000,Single Engine Piston
479900,Single Engine Piston
445000,Single Engine Piston
76000,Single Engine Piston
175000,Piston Helicopters
186930,Piston Helicopters
170000,Single Engine Piston
239500,Single Engine Piston
79000,Single Engine Piston
65000,Single Engine Piston
126000,Single Engine Piston
225000,Single Engine Piston
159900,Single Engine Piston
309000,Single Engine Piston
369000,Single Engine Piston
199900,Single Engine Piston
219500,Single Engine Piston
250000,Single Engine Piston
229000,Single Engine Piston
129900,Single Engine Piston
114000,Single Engine Piston
45000,Single Engine Piston
260000,Piston Helicopters
235000,Single Engine Piston
1495000,Private Jets
189000,Single Engine Piston
190000,Single Engine Piston
114900,Single Engine Piston
179900,Single Engine Piston
209900,Single Engine Piston
184900,Single Engine Piston
197500,Single Engine Piston
575000,Single Engine Piston
157000,Single Engine Piston
30000,Single Engine Piston
75000,Single Engine Piston
279900,Single Engine Piston
269900,Single Engine Piston
260000,Single Engine Piston
389000,Multi Engine Piston
380000,Single Engine Piston
1850000,Turboprop
239950,Single Engine Piston
225000,Single Engine Piston
225000,Single Engine Piston
214900,Single Engine Piston
204900,Single Engine Piston
250000,Single Engine Piston
225000,Single Engine Piston
225000,Single Engine Piston
10900,Single Engine Piston
140000,Single Engine Piston
975000,Single Engine Piston
899900,Turboprop
17500,Single Engine Piston
235000,Piston Helicopters
222900,Piston Helicopters
190000,Single Engine Piston
159900,Single Engine Piston
1195000,Turboprop
235000,Single Engine Piston
2580000,Private Jets
369000,Single Engine Piston
259000,Single Engine Piston
239000,Single Engine Piston
209900,Single Engine Piston
95900,Single Engine Piston
185000,Single Engine Piston
225000,Single Engine Piston
180000,Piston Helicopters
89900,Single Engine Piston
159900,Single Engine Piston
795000,Turboprop
55000,Piston Helicopters
240000,Piston Helicopters
599000,Single Engine Piston
15000,Single Engine Piston
64900,Single Engine Piston
159000,Piston Helicopters
58000,Piston Helicopters
125000,Piston Helicopters
130000,Piston Helicopters
149000,Piston Helicopters
39900,Piston Helicopters
89000,Single Engine Piston
42000,Single Engine Piston
199600,Single Engine Piston
145000,Single Engine Piston
1675000,Private Jets
189000,Single Engine Piston
1725000,Turboprop
195000,Single Engine Piston
174900,Single Engine Piston
219000,Single Engine Piston
289900,Single Engine Piston
275000,Single Engine Piston
309000,Single Engine Piston
349995,Single Engine Piston
284900,Single Engine Piston
279000,Single Engine Piston
279000,Single Engine Piston
249900,Single Engine Piston
199500,Single Engine Piston
419900,Multi Engine Piston
149900,Single Engine Piston
215000,Multi Engine Piston
395000,Single Engine Piston
2495000,Private Jets
40000,Ultralight
200000,Single Engine Piston
215000,Single Engine Piston
102000,Single Engine Piston
1049000,Turboprop
349500,Single Engine Piston
115000,Piston Helicopters
378000,Piston Helicopters
219900,Piston Helicopters
415000,Piston Helicopters
389000,Piston Helicopters
435000,Piston Helicopters
175000,Single Engine Piston
395000,Turboprop
28000,Single Engine Piston
69900,Ultralight
89000,Single Engine Piston
699000,Multi Engine Piston
214900,Single Engine Piston
1500000,Turboprop
1150000,Private Jets
259000,Single Engine Piston
175000,Single Engine Piston
319000,Single Engine Piston
299000,Single Engine Piston
315000,Single Engine Piston
335000,Single Engine Piston
299000,Single Engine Piston
329000,Single Engine Piston
315000,Single Engine Piston
269900,Single Engine Piston
269900,Single Engine Piston
327000,Single Engine Piston
329000,Single Engine Piston
114900,Single Engine Piston
75000,Single Engine Piston
250000,Multi Engine Piston
274000,Multi Engine Piston
259000,Multi Engine Piston
1595000,Turboprop
379000,Single Engine Piston
389000,Single Engine Piston
349000,Single Engine Piston
369500,Single Engine Piston
349500,Single Engine Piston
419000,Single Engine Piston
359900,Single Engine Piston
89900,Single Engine Piston
2500000,Private Jets
67900,Single Engine Piston
359900,Single Engine Piston
339600,Single Engine Piston
70000,Single Engine Piston
425000,Single Engine Piston
125000,Piston Helicopters
1850000,Turboprop
224500,Single Engine Piston
74500,Single Engine Piston
18500,Single Engine Piston
69900,Single Engine Piston
33500,Single Engine Piston
75500,Single Engine Piston
59500,Single Engine Piston
1995000,Private Jets
419000,Single Engine Piston
385000,Single Engine Piston
392000,Single Engine Piston
1195000,Private Jets
1775000,Private Jets
550000,Turbine Helicopters
65000,Single Engine Piston
210000,Single Engine Piston
3850000,Private Jets
3495000,Turboprop
239000,Piston Helicopters
390000,Piston Helicopters
550000,Turboprop
1975000,Turbine Helicopters
275000,Single Engine Piston
459900,Single Engine Piston
459900,Single Engine Piston
79000,Single Engine Piston
1695000,Private Jets
1849000,Private Jets
559000,Single Engine Piston
114500,Single Engine Piston
99500,Single Engine Piston
112000,Single Engine Piston
169900,Single Engine Piston
59000,Single Engine Piston
345000,Single Engine Piston
419900,Single Engine Piston
474900,Single Engine Piston
415000,Single Engine Piston
479000,Single Engine Piston
479900,Single Engine Piston
175000,Single Engine Piston
228000,Single Engine Piston
1859000,Private Jets
1200000,Turbine Helicopters
549500,Single Engine Piston
199000,Piston Helicopters
425000,Piston Helicopters
895000,Turbine Helicopters
62995,Single Engine Piston
190000,Single Engine Piston
189500,Single Engine Piston
625000,Single Engine Piston
579900,Single Engine Piston
625000,Single Engine Piston
555000,Single Engine Piston
559000,Single Engine Piston
499900,Single Engine Piston
175000,Single Engine Piston
85000,Single Engine Piston
575000,Single Engine Piston
229900,Single Engine Piston
299900,Single Engine Piston
600000,Turbine Helicopters
759000,Turbine Helicopters
150000,Single Engine Piston
74500,Single Engine Piston
64900,Single Engine Piston
85000,Single Engine Piston
229500,Single Engine Piston
135000,Single Engine Piston
999000,Multi Engine Piston
549000,Single Engine Piston
549000,Single Engine Piston
615000,Single Engine Piston
589900,Single Engine Piston
589000,Single Engine Piston
560000,Single Engine Piston
195000,Single Engine Piston
52000,Single Engine Piston
114500,Single Engine Piston
36000,Single Engine Piston
795000,Turboprop
199000,Multi Engine Piston
2395000,Private Jets
799900,Single Engine Piston
116500,Single Engine Piston
124500,Single Engine Piston
115000,Single Engine Piston
105000,Single Engine Piston
28000,Single Engine Piston
3095000,Turbine Helicopters
159900,Single Engine Piston
575000,Single Engine Piston
595000,Single Engine Piston
569900,Single Engine Piston
640000,Single Engine Piston
895000,Single Engine Piston
1495000,Turboprop
1585000,Turboprop
1500000,Turboprop
119000,Single Engine Piston
795000,Single Engine Piston
719900,Single Engine Piston
550000,Single Engine Piston
689000,Single Engine Piston
729900,Single Engine Piston
729900,Single Engine Piston
650000,Single Engine Piston
234999,Single Engine Piston
98500,Single Engine Piston
439000,Multi Engine Piston
79900,Single Engine Piston
85000,Single Engine Piston
214750,Single Engine Piston
92000,Gyrocopter
105000,Gyrocopter
70000,Gyrocopter
829000,Single Engine Piston
625000,Single Engine Piston
173491,Single Engine Piston
209268,Single Engine Piston
649000,Single Engine Piston
889000,Single Engine Piston
865000,Single Engine Piston
889000,Single Engine Piston
1900000,Private Jets
1900000,Private Jets
1900000,Private Jets
220000,Single Engine Piston
679900,Single Engine Piston
6000,Single Engine Piston
1779000,Turboprop
75000,Single Engine Piston
4800000,Private Jets
3995000,Turbine Helicopters
193887,Single Engine Piston
209269,Single Engine Piston
296372,Single Engine Piston
242783,Single Engine Piston
859900,Single Engine Piston
899900,Single Engine Piston
899000,Single Engine Piston
2695000,Private Jets
2790000,Private Jets
2795000,Private Jets
250000,Single Engine Piston
224900,Single Engine Piston
182000,Single Engine Piston
156000,Single Engine Piston
159000,Single Engine Piston
14000,Single Engine Piston
639000,Single Engine Piston
389900,Single Engine Piston
169000,Single Engine Piston
280000,Gliders / Sailplanes
105000,Single Engine Piston
88500,Single Engine Piston
99000,Single Engine Piston
263900,Single Engine Piston
289638,Single Engine Piston
168999,Single Engine Piston
799000,Single Engine Piston
325000,Single Engine Piston
211250,Single Engine Piston
1430825,Multi Engine Piston
3261955,Turboprop
295040,Piston Helicopters
335000,Piston Helicopters
347480,Piston Helicopters
389526,Piston Helicopters
379010,Piston Helicopters
465000,Piston Helicopters
259500,Single Engine Piston
2250000,Single Engine Piston
29500,Single Engine Piston
110000,Single Engine Piston
129950,Private Jets
286000,Piston Helicopters
207994,Single Engine Piston
1417560,Multi Engine Piston
795000,Single Engine Piston
486000,Piston Helicopters
523000,Piston Helicopters
229823,Single Engine Piston
99999,Single Engine Piston
895000,Single Engine Piston
325000,Single Engine Piston
689900,Single Engine Piston
559900,Single Engine Piston
399500,Single Engine Piston
270000,Piston Helicopters
1395000,Turboprop
499000,Single Engine Piston
99500,Single Engine Piston
889000,Multi Engine Piston
199900,Single Engine Piston
59900,Single Engine Piston
90000,Single Engine Piston
439000,Single Engine Piston
130000,Single Engine Piston
255000,Piston Helicopters
925000,Turboprop
975000,Turboprop
1699000,Turboprop
175000,Piston Helicopters
435000,Single Engine Piston
339900,Single Engine Piston
249900,Single Engine Piston
282000,Piston Helicopters
199000,Piston Helicopters
249000,Piston Helicopters
274900,Single Engine Piston
438000,Single Engine Piston
800000,Turboprop
92500,Single Engine Piston
289000,Single Engine Piston
1325000,Turboprop
425000,Private Jets
239500,Single Engine Piston
695000,Private Jets
195000,Single Engine Piston
364900,Single Engine Piston
165000,Single Engine Piston
159900,Single Engine Piston
189000,Single Engine Piston
165000,Multi Engine Piston
89900,Single Engine Piston
189950,Single Engine Piston
109000,Single Engine Piston
69000,Single Engine Piston
205000,Single Engine Piston
195000,Multi Engine Piston
188000,Multi Engine Piston
24950,Single Engine Piston
79000,Single Engine Piston
399000,Private Jets
69000,Single Engine Piston
164900,Single Engine Piston
129950,Multi Engine Piston
1200000,Turboprop
196000,Single Engine Piston
145000,Single Engine Piston
30900,Single Engine Piston
72000,Single Engine Piston
39950,Single Engine Piston
95000,Single Engine Piston
92500,Single Engine Piston
95900,Single Engine Piston
38000,Single Engine Piston
120000,Single Engine Piston
575000,Private Jets
349500,Multi Engine Piston
399000,Multi Engine Piston
199000,Multi Engine Piston
76500,Single Engine Piston
109000,Single Engine Piston
235000,Single Engine Piston
950000,Private Jets
295000,Turboprop
159000,Single Engine Piston
199900,Single Engine Piston
69900,Single Engine Piston
169900,Multi Engine Piston
62900,Single Engine Piston
65000,Single Engine Piston
47500,Single Engine Piston
119000,Multi Engine Piston
109000,Single Engine Piston
94750,Multi Engine Piston
129000,Multi Engine Piston
42000,Single Engine Piston
48500,Single Engine Piston
59900,Single Engine Piston
50000,Single Engine Piston
52000,Single Engine Piston
40000,Single Engine Piston
22500,Single Engine Piston
69950,Single Engine Piston
85900,Single Engine Piston
129900,Single Engine Piston
59900,Single Engine Piston
82500,Single Engine Piston
112500,Multi Engine Piston
65000,Multi Engine Piston
190000,Single Engine Piston
499000,Turboprop
129000,Single Engine Piston
330000,Turbine Helicopters
69500,Single Engine Piston
36500,Single Engine Piston
63000,Single Engine Piston
49900,Single Engine Piston
68500,Single Engine Piston
89500,Multi Engine Piston
165500,Multi Engine Piston
49950,Multi Engine Piston
165000,Single Engine Piston
69000,Multi Engine Piston
113500,Single Engine Piston
199000,Single Engine Piston
59000,Single Engine Piston
64900,Single Engine Piston
65000,Single Engine Piston
99000,Multi Engine Piston
64900,Single Engine Piston
54900,Single Engine Piston
69900,Multi Engine Piston
115000,Multi Engine Piston
199000,Single Engine Piston
425000,Turboprop
85000,Multi Engine Piston
67500,Single Engine Piston
249000,Turboprop
380000,Turboprop
195000,Multi Engine Piston
89900,Single Engine Piston
32000,Single Engine Piston
51000,Single Engine Piston
45500,Single Engine Piston
68500,Single Engine Piston
67000,Single Engine Piston
149900,Single Engine Piston
99500,Single Engine Piston
67000,Single Engine Piston
9000,Multi Engine Piston
59000,Multi Engine Piston
38500,Single Engine Piston
49000,Multi Engine Piston
55500,Single Engine Piston
25000,Single Engine Piston
52500,Multi Engine Piston
500000,Single Engine Piston
7000,Single Engine Piston
59700,Single Engine Piston
120000,Multi Engine Piston
79000,Single Engine Piston
44000,Single Engine Piston
179500,Multi Engine Piston
64500,Single Engine Piston
62900,Single Engine Piston
54500,Single Engine Piston
225000,Single Engine Piston
79500,Single Engine Piston
62995,Single Engine Piston
69900,Single Engine Piston
130000,Single Engine Piston
29000,Single Engine Piston
95000,Single Engine Piston
33000,Single Engine Piston
19900,Single Engine Piston
27500,Single Engine Piston
35000,Single Engine Piston
30000,Single Engine Piston
44000,Single Engine Piston
27500,Single Engine Piston
32000,Single Engine Piston
26500,Single Engine Piston
28900,Single Engine Piston
29500,Single Engine Piston
7000,Single Engine Piston
33000,Single Engine Piston
46500,Single Engine Piston
29750,Single Engine Piston
250000,Multi Engine Piston
25000,Single Engine Piston
24000,Single Engine Piston
18000,Single Engine Piston
47000,Single Engine Piston
125000,Single Engine Piston
2000000,Private Jets
2995000,Private Jets
5500000,Private Jets
179900,Single Engine Piston
100000,Single Engine Piston
499900,Single Engine Piston
539900,Single Engine Piston
565000,Single Engine Piston
2750000,Turboprop
87500,Single Engine Piston
695000,Private Jets
475000,Single Engine Piston
14000,Single Engine Piston
10000,Single Engine Piston
165000,Single Engine Piston
125000,Piston Helicopters
85000,Single Engine Piston
78000,Single Engine Piston
88350,Piston Helicopters
3000000,Turboprop
68000,Single Engine Piston
11500,Single Engine Piston
40000,Private Jets
235000,Single Engine Piston
2950000,Multi Engine Piston
199900,Single Engine Piston
529000,Single Engine Piston
529000,Single Engine Piston
3350000,Single Engine Piston
3500,Single Engine Piston
64000,Single Engine Piston
179000,Multi Engine Piston
210000,Multi Engine Piston
79500,Multi Engine Piston
25000,Single Engine Piston
210000,Private Jets
55500,Single Engine Piston
225000,Single Engine Piston
1400000,Multi Engine Piston
85000,Single Engine Piston
795000,Multi Engine Piston
235000,Single Engine Piston
199000,Single Engine Piston
140000,Single Engine Piston
185000,Single Engine Piston
568000,Multi Engine Piston
995000,Multi Engine Piston
295000,Single Engine Piston
8900,Single Engine Piston
65000,Single Engine Piston
29900,Single Engine Piston
39000,Single Engine Piston
36000,Single Engine Piston
36000,Single Engine Piston
33000,Single Engine Piston
33000,Single Engine Piston
32000,Single Engine Piston
35000,Single Engine Piston
186000,Single Engine Piston
139000,Single Engine Piston
135000,Single Engine Piston
250000,Single Engine Piston
106000,Single Engine Piston
135000,Single Engine Piston
1575000,Single Engine Piston
79500,Single Engine Piston
260000,Multi Engine Piston
119000,Single Engine Piston
337000,Single Engine Piston
129950,Single Engine Piston
260000,Multi Engine Piston
1495000,Single Engine Piston
190000,Single Engine Piston
220000,Single Engine Piston
124900,Single Engine Piston
45000,Single Engine Piston
395000,Single Engine Piston
85000,Single Engine Piston
95000,Single Engine Piston
170000,Single Engine Piston
29900,Single Engine Piston
114900,Single Engine Piston
430000,Multi Engine Piston
189000,Single Engine Piston
1995000,Single Engine Piston
229000,Single Engine Piston
27500,Single Engine Piston
44950,Single Engine Piston
27900,Single Engine Piston
21900,Single Engine Piston
19500,Single Engine Piston
30000,Single Engine Piston
35900,Single Engine Piston
28500,Single Engine Piston
35000,Single Engine Piston
165000,Single Engine Piston
25000,Single Engine Piston
35000,Single Engine Piston
37500,Single Engine Piston
25000,Single Engine Piston
25000,Single Engine Piston
55000,Single Engine Piston
225000,Single Engine Piston
1500000,Multi Engine Piston
34500,Single Engine Piston
45000,Single Engine Piston
37500,Single Engine Piston
59900,Single Engine Piston
35000,Single Engine Piston
85500,Single Engine Piston
75000,Single Engine Piston
13000,Single Engine Piston
92000,Single Engine Piston
87500,Single Engine Piston
20000,Single Engine Piston
55000,Single Engine Piston
39900,Single Engine Piston
36500,Single Engine Piston
125000,Piston Helicopters
54900,Single Engine Piston
75000,Single Engine Piston
195000,Single Engine Piston
134000,Single Engine Piston
26000,Single Engine Piston
55000,Single Engine Piston
39000,Single Engine Piston
59000,Single Engine Piston
159900,Single Engine Piston
95000,Single Engine Piston
52000,Single Engine Piston
119000,Single Engine Piston
3450000,Single Engine Piston
90000,Single Engine Piston
60000,Single Engine Piston
39950,Single Engine Piston
225000,Single Engine Piston
600000,Single Engine Piston
185000,Single Engine Piston
72000,Single Engine Piston
275000,Private Jets
198000,Single Engine Piston
100000,Single Engine Piston
453000,Single Engine Piston
199000,Single Engine Piston
165000,Single Engine Piston
79500,Single Engine Piston
77750,Single Engine Piston
115000,Single Engine Piston
46900,Single Engine Piston
179000,Single Engine Piston
109000,Single Engine Piston
267500,Single Engine Piston
179000,Single Engine Piston
83900,Single Engine Piston
15000,Single Engine Piston
62900,Single Engine Piston
24950,Single Engine Piston
370000,Single Engine Piston
51700,Single Engine Piston
337000,Single Engine Piston
19900,Single Engine Piston
76500,Multi Engine Piston
75000,Single Engine Piston
68500,Private Jets
68000,Private Jets
29000,Single Engine Piston
199000,Single Engine Piston
110000,Multi Engine Piston
799000,Single Engine Piston
1300000,Turboprop
79999,Single Engine Piston
36500,Single Engine Piston
32500,Single Engine Piston
35000,Single Engine Piston
89000,Single Engine Piston
21000,Single Engine Piston
39500,Single Engine Piston
37500,Single Engine Piston
82500,Single Engine Piston
64900,Multi Engine Piston
28500,Single Engine Piston
329000,Single Engine Piston
25900,Single Engine Piston
119000,Single Engine Piston
299000,Multi Engine Piston
3250000,Private Jets
109000,Single Engine Piston
19900,Single Engine Piston
40000,Single Engine Piston
63500,Single Engine Piston
19000,Single Engine Piston
61500,Single Engine Piston
89900,Single Engine Piston
98900,Single Engine Piston
134900,Single Engine Piston
52000,Single Engine Piston
55000,Single Engine Piston
195000,Multi Engine Piston
67900,Single Engine Piston
58500,Single Engine Piston
80000,Single Engine Piston
79500,Multi Engine Piston
85000,Multi Engine Piston
75000,Single Engine Piston
50000,Multi Engine Piston
40000,Single Engine Piston
22900,Single Engine Piston
55000,Single Engine Piston
59900,Multi Engine Piston
159000,Multi Engine Piston
135500,Multi Engine Piston
39900,Single Engine Piston
3995,Single Engine Piston
225000,Private Jets
149500,Multi Engine Piston
54000,Multi Engine Piston
56500,Single Engine Piston
54999,Single Engine Piston
36700,Multi Engine Piston
379000,Multi Engine Piston
130000,Single Engine Piston
79900,Single Engine Piston
79900,Single Engine Piston
79900,Single Engine Piston
79950,Single Engine Piston
75000,Single Engine Piston
65000,Single Engine Piston
37000,Single Engine Piston
35000,Single Engine Piston
29400,Single Engine Piston
59000,Single Engine Piston
39900,Multi Engine Piston
94000,Single Engine Piston
63900,Single Engine Piston
77500,Single Engine Piston
29900,Single Engine Piston
39000,Single Engine Piston
64900,Single Engine Piston
69000,Single Engine Piston
120000,Single Engine Piston
39900,Single Engine Piston
110000,Single Engine Piston
89000,Single Engine Piston
79900,Private Jets
28000,Single Engine Piston
57500,Single Engine Piston
95000,Single Engine Piston
92500,Single Engine Piston
94900,Single Engine Piston
24500,Single Engine Piston
54900,Single Engine Piston
119000,Multi Engine Piston
99900,Multi Engine Piston
89000,Multi Engine Piston
174900,Piston Helicopters
675000,Turbine Helicopters
59000,Single Engine Piston
31000,Single Engine Piston
29000,Single Engine Piston
30000,Single Engine Piston
49000,Single Engine Piston
245000,Single Engine Piston
73500,Single Engine Piston
69500,Single Engine Piston
145000,Single Engine Piston
130000,Single Engine Piston
59900,Multi Engine Piston
102500,Single Engine Piston
111500,Single Engine Piston
1600000,Single Engine Piston
675000,Single Engine Piston
36500,Single Engine Piston
69500,Single Engine Piston
32500,Single Engine Piston
34500,Single Engine Piston
35000,Single Engine Piston
27000,Single Engine Piston
85000,Single Engine Piston
85000,Single Engine Piston
69500,Multi Engine Piston
19900,Multi Engine Piston
95000,Multi Engine Piston
104900,Multi Engine Piston
39900,Single Engine Piston
119000,Multi Engine Piston
399000,Turboprop
89900,Single Engine Piston
23900,Single Engine Piston
33000,Single Engine Piston
22500,Single Engine Piston
179000,Single Engine Piston
54900,Single Engine Piston
129000,Multi Engine Piston
109900,Single Engine Piston
155000,Piston Helicopters
17000,Single Engine Piston
59999,Single Engine Piston
9900,Single Engine Piston
15000,Single Engine Piston
120000,Single Engine Piston
150000,Multi Engine Piston
105000,Multi Engine Piston
49900,Single Engine Piston
64900,Single Engine Piston
72000,Single Engine Piston
40000,Single Engine Piston
48500,Single Engine Piston
72000,Single Engine Piston
94900,Single Engine Piston
105000,Single Engine Piston
79950,Multi Engine Piston
159500,Single Engine Piston
75000,Single Engine Piston
110000,Multi Engine Piston
60000,Single Engine Piston
26900,Single Engine Piston
64999,Single Engine Piston
75000,Single Engine Piston
86900,Single Engine Piston
49500,Single Engine Piston
120000,Single Engine Piston
35000,Multi Engine Piston
169000,Single Engine Piston
109000,Multi Engine Piston
3450000,Turboprop
36000,Single Engine Piston
65000,Single Engine Piston
42999,Single Engine Piston
65000,Single Engine Piston
55000,Single Engine Piston
79800,Single Engine Piston
33000,Single Engine Piston
41000,Single Engine Piston
46900,Single Engine Piston
89900,Single Engine Piston
99900,Multi Engine Piston
110000,Single Engine Piston
94900,Multi Engine Piston
99000,Multi Engine Piston
124000,Multi Engine Piston
129900,Multi Engine Piston
109900,Single Engine Piston
595000,Turboprop
54500,Single Engine Piston
29900,Single Engine Piston
49900,Single Engine Piston
165000,Multi Engine Piston
149000,Multi Engine Piston
27900,Single Engine Piston
32500,Single Engine Piston
59900,Single Engine Piston
52500,Single Engine Piston
72000,Single Engine Piston
72000,Single Engine Piston
210000,Single Engine Piston
149900,Multi Engine Piston
36000,Single Engine Piston
25000,Single Engine Piston
29500,Single Engine Piston
59900,Single Engine Piston
41900,Single Engine Piston
40000,Single Engine Piston
72000,Single Engine Piston
63500,Single Engine Piston
339500,Multi Engine Piston
127000,Multi Engine Piston
129000,Multi Engine Piston
550000,Turboprop
375000,Turboprop
299500,Turbine Helicopters
42500,Single Engine Piston
7000,Single Engine Piston
40000,Single Engine Piston
72000,Single Engine Piston
79864,Single Engine Piston
144900,Single Engine Piston
98000,Single Engine Piston
79950,Single Engine Piston
70000,Multi Engine Piston
89000,Multi Engine Piston
229000,Multi Engine Piston
189000,Multi Engine Piston
99900,Multi Engine Piston
115000,Multi Engine Piston
169000,Multi Engine Piston
165000,Single Engine Piston
36000,Single Engine Piston
58500,Single Engine Piston
26500,Single Engine Piston
78500,Single Engine Piston
225000,Turboprop
349000,Turboprop
89000,Single Engine Piston
70000,Multi Engine Piston
59000,Single Engine Piston
105000,Single Engine Piston
134900,Single Engine Piston
265000,Private Jets
89900,Single Engine Piston
185000,Multi Engine Piston
179000,Multi Engine Piston
60900,Multi Engine Piston
52000,Single Engine Piston
98900,Single Engine Piston
59900,Single Engine Piston
82000,Single Engine Piston
55500,Single Engine Piston
22900,Single Engine Piston
69000,Single Engine Piston
79000,Single Engine Piston
139000,Single Engine Piston
72000,Single Engine Piston
124950,Single Engine Piston
85000,Single Engine Piston
179000,Single Engine Piston
112500,Single Engine Piston
59900,Multi Engine Piston
139500,Multi Engine Piston
199000,Multi Engine Piston
214900,Multi Engine Piston
230000,Multi Engine Piston
119750,Multi Engine Piston
299900,Multi Engine Piston
239000,Multi Engine Piston
169000,Multi Engine Piston
200000,Single Engine Piston
695000,Private Jets
110000,Single Engine Piston
27900,Single Engine Piston
62000,Single Engine Piston
26900,Single Engine Piston
115000,Multi Engine Piston
87500,Single Engine Piston
220000,Multi Engine Piston
109000,Multi Engine Piston
147000,Multi Engine Piston
115000,Multi Engine Piston
85000,Multi Engine Piston
255000,Single Engine Piston
205500,Single Engine Piston
249000,Single Engine Piston
198000,Single Engine Piston
225000,Multi Engine Piston
142000,Multi Engine Piston
119000,Multi Engine Piston
230000,Multi Engine Piston
119500,Single Engine Piston
299000,Private Jets
144900,Single Engine Piston
279500,Multi Engine Piston
64900,Single Engine Piston
69000,Single Engine Piston
69900,Single Engine Piston
59000,Single Engine Piston
72000,Single Engine Piston
128500,Single Engine Piston
185000,Multi Engine Piston
105000,Multi Engine Piston
89000,Single Engine Piston
249000,Multi Engine Piston
299000,Multi Engine Piston
169500,Single Engine Piston
109900,Multi Engine Piston
45000,Single Engine Piston
439000,Turboprop
169000,Single Engine Piston
49900,Single Engine Piston
41000,Single Engine Piston
29900,Single Engine Piston
85000,Single Engine Piston
46000,Single Engine Piston
122000,Single Engine Piston
89000,Single Engine Piston
160000,Single Engine Piston
179900,Single Engine Piston
105000,Single Engine Piston
225000,Single Engine Piston
144000,Single Engine Piston
250000,Single Engine Piston
85000,Single Engine Piston
110000,Single Engine Piston
349000,Multi Engine Piston
395000,Multi Engine Piston
126900,Single Engine Piston
99000,Single Engine Piston
99000,Single Engine Piston
2500000,Turboprop
106000,Single Engine Piston
63500,Single Engine Piston
95000,Single Engine Piston
179500,Multi Engine Piston
129900,Multi Engine Piston
410000,Turboprop
89300,Single Engine Piston
89000,Single Engine Piston
115000,Single Engine Piston
145000,Multi Engine Piston
69900,Multi Engine Piston
138000,Multi Engine Piston
59900,Single Engine Piston
135750,Multi Engine Piston
165000,Multi Engine Piston
189900,Single Engine Piston
169000,Single Engine Piston
109000,Multi Engine Piston
129000,Multi Engine Piston
62000,Single Engine Piston
60000,Single Engine Piston
200000,Multi Engine Piston
165000,Multi Engine Piston
139000,Single Engine Piston
99900,Single Engine Piston
149900,Multi Engine Piston
95000,Multi Engine Piston
125500,Single Engine Piston
169000,Multi Engine Piston
365000,Turbine Helicopters
59500,Single Engine Piston
60000,Multi Engine Piston
122900,Single Engine Piston
149000,Multi Engine Piston
49900,Single Engine Piston
65000,Single Engine Piston
12000,Single Engine Piston
82300,Single Engine Piston
44000,Single Engine Piston
43900,Single Engine Piston
19000,Single Engine Piston
33900,Single Engine Piston
89000,Single Engine Piston
27900,Single Engine Piston
58000,Single Engine Piston
52250,Single Engine Piston
160500,Single Engine Piston
175000,Private Jets
81000,Single Engine Piston
107500,Single Engine Piston
38500,Single Engine Piston
65000,Single Engine Piston
65000,Single Engine Piston
90000,Single Engine Piston
57000,Single Engine Piston
79900,Single Engine Piston
110000,Multi Engine Piston
89995,Single Engine Piston
128000,Single Engine Piston
105000,Piston Helicopters
69900,Single Engine Piston
79900,Multi Engine Piston
117500,Single Engine Piston
159000,Single Engine Piston
49000,Single Engine Piston
25000,Single Engine Piston
21500,Single Engine Piston
10000,Single Engine Piston
39800,Single Engine Piston
2500000,Single Engine Piston
325000,Multi Engine Piston
39000,Single Engine Piston
45000,Single Engine Piston
110000,Single Engine Piston
90000,Single Engine Piston
101950,Single Engine Piston
34900,Single Engine Piston
38500,Single Engine Piston
38000,Single Engine Piston
55000,Single Engine Piston
40000,Single Engine Piston
429000,Turboprop
219000,Multi Engine Piston
50000,Single Engine Piston
57000,Single Engine Piston
139000,Single Engine Piston
39000,Single Engine Piston
3000000,Private Jets
2695000,Turboprop
116500,Single Engine Piston
60000,Single Engine Piston
809000,Single Engine Piston
219000,Single Engine Piston
491000,Piston Helicopters
193887,Single Engine Piston
16750000,Private Jets
11200000,Private Jets
11400000,Private Jets
17500000,Private Jets
10750000,Private Jets
11750000,Private Jets
10175000,Private Jets
10995000,Private Jets
9950000,Private Jets
9950000,Private Jets
11950000,Private Jets
12500000,Private Jets
12250000,Private Jets
12900000,Private Jets
12980000,Private Jets
12995000,Private Jets
13000000,Private Jets
14495000,Private Jets
14900000,Private Jets
16500000,Private Jets
8975000,Private Jets
9750000,Private Jets
8950000,Turbine Helicopters
9900000,Private Jets
8600000,Private Jets
9850000,Private Jets
6500000,Private Jets
6750000,Private Jets
6950000,Private Jets
6800000,Private Jets
6995000,Private Jets
6995000,Private Jets
7195000,Private Jets
7200000,Private Jets
7295000,Private Jets
7450000,Private Jets
7800000,Private Jets
7995000,Private Jets
8500000,Turbine Helicopters
6950000,Private Jets
5995000,Private Jets
5950000,Multi Turboprops
4495000,Turbine Helicopters
4500000,Private Jets
4750000,Turbine Helicopters
4850000,Private Jets
4750000,Turbine Helicopters
4900000,Turbine Helicopters
4900000,Turbine Helicopters
4950000,Private Jets
4950000,Private Jets
4950000,Turbine Helicopters
4995000,Private Jets
5250000,Private Jets
5295000,Private Jets
5490000,Private Jets
5500000,Private Jets
5695000,Private Jets
5700000,Private Jets
5700000,Private Jets
3995000,Multi Turboprops
3995000,Private Jets
3995000,Private Jets
3595000,Multi Turboprops
3650000,Private Jets
3600000,Private Jets
3700000,Private Jets
3750000,Multi Turboprops
3795000,Private Jets
3800000,Private Jets
3950000,Turbine Helicopters
3950000,Private Jets
3950000,Private Jets
3995000,Private Jets
4100000,Turbine Helicopters
4395000,Private Jets
4300000,Multi Turboprops
3795000,Private Jets
3750000,Multi Turboprops
3550000,Private Jets
3500000,Turbine Helicopters
3575000,Private Jets
3000000,Turbine Helicopters
3095000,Turbine Helicopters
3095000,Private Jets
3195000,Private Jets
3250000,Private Jets
3200000,Private Jets
3250000,Private Jets
3295000,Private Jets
3300000,Turbine Helicopters
3350000,Private Jets
3399000,Multi Turboprops
3400000,Private Jets
3495000,Private Jets
3495000,Private Jets
3450000,Private Jets
3495000,Turbine Helicopters
4450000,Turbine Helicopters
3300000,Military / Classic / Vintage
3000000,Multi Turboprops
2700000,Turbine Helicopters
2725000,Turbine Helicopters
2700000,Multi Turboprops
2750000,Turbine Helicopters
2790000,Private Jets
2700000,Turbine Helicopters
2695000,Private Jets
2795000,Private Jets
2795000,Private Jets
2800000,Turbine Helicopters
2800000,Multi Turboprops
2925000,Private Jets
2950000,Private Jets
2995000,Private Jets
2995000,Multi Turboprops
3000000,Private Jets
2690000,Turbine Helicopters
2950000,Private Jets
2950000,Turbine Helicopters
2595000,Private Jets
2600000,Multi Turboprops
2650000,Multi Turboprops
2675000,Private Jets
2650000,Multi Turboprops
2350000,Multi Turboprops
2350000,Turbine Helicopters
2400000,Private Jets
2400000,Turbine Helicopters
2400000,Private Jets
2450000,Private Jets
2450000,Multi Turboprops
2490000,Turbine Helicopters
2495000,Private Jets
2495000,Private Jets
2500000,Multi Turboprops
2495000,Private Jets
2500000,Turbine Helicopters
2550000,Private Jets
2320000,Turbine Helicopters
2450000,Private Jets
1995000,Private Jets
1995000,Multi Turboprops
1995000,Private Jets
1999000,Turbine Helicopters
2095000,Private Jets
2100000,Military / Classic / Vintage
2100000,Private Jets
2100000,Turbine Helicopters
2150000,Private Jets
2175000,Multi Turboprops
2195000,Private Jets
2200000,Multi Turboprops
2200000,Multi Turboprops
2295000,Private Jets
2250000,Military / Classic / Vintage
2295000,Private Jets
2295000,Private Jets
2300000,Turbine Helicopters
2000000,Turbine Helicopters
1950000,Multi Turboprops
1950000,Private Jets
1750000,Multi Turboprops
1750000,Turbine Helicopters
1795000,Private Jets
1775000,Private Jets
1800000,Multi Turboprops
1895000,Turbine Helicopters
1900000,Private Jets
1900000,Private Jets
1900000,Private Jets
1900000,Multi Turboprops
1950000,Private Jets
1950000,Military / Classic / Vintage
1950000,Turbine Helicopters
1990000,Turbine Helicopters
1990000,Multi Turboprops
1895000,Multi Turboprops
1749000,Private Jets
1750000,Single Piston
1725000,Multi Turboprops
1600000,Private Jets
1600000,Military / Classic / Vintage
1600000,Turbine Helicopters
1600000,Multi Turboprops
1650000,Multi Turboprops
1650000,Multi Turboprops
1650000,Turbine Helicopters
1650000,Turbine Helicopters
1650000,Turbine Helicopters
1690000,Turbine Helicopters
1695000,Multi Turboprops
1695000,Turbine Helicopters
1695000,Private Jets
1695000,Private Jets
1695000,Multi Turboprops
1645000,Private Jets
1595000,Multi Turboprops
1850000,Private Jets
1595000,Private Jets
1500000,Turbine Helicopters
1495000,Multi Turboprops
1475000,Private Jets
1475000,Turbine Helicopters
1490000,Turbine Helicopters
1495000,Multi Turboprops
1495000,Private Jets
1495000,Private Jets
1495000,Turbine Helicopters
1500000,Turbine Helicopters
1500000,Multi Turboprops
1500000,Turbine Helicopters
1550000,Turbine Helicopters
1575000,Multi Turboprops
1550000,Turbine Helicopters
1595000,Private Jets
1595000,Private Jets
1595000,Private Jets
1725000,Multi Turboprops
1500000,Turbine Helicopters
1450000,Turbine Helicopters
1347000,Turbine Helicopters
1350000,Multi Turboprops
1350000,Turbine Helicopters
1375000,Turbine Helicopters
1390000,Turbine Helicopters
1395000,Multi Turboprops
1395000,Private Jets
1395000,Private Jets
1395000,Turbine Helicopters
1399000,Turbine Helicopters
1400000,Multi Turboprops
1400000,Private Jets
1400000,Turbine Helicopters
1410325,Twin Piston
1417560,Twin Piston
1430825,Twin Piston
1445000,Private Jets
1350000,Turbine Helicopters
1300000,Private Jets
1300000,Private Jets
1250000,Private Jets
1250000,Private Jets
1250000,Private Jets
1250000,Turbine Helicopters
1250000,Multi Turboprops
1250000,Turbine Helicopters
1254000,Private Jets
1270000,Multi Turboprops
1295000,Private Jets
1295000,Multi Turboprops
1295000,Multi Turboprops
1295000,Multi Turboprops
1295000,Private Jets
1295000,Private Jets
1295000,Multi Turboprops
1325000,Turbine Helicopters
1320000,Turbine Helicopters
1345000,Turbine Helicopters
1375000,Turbine Helicopters
1250000,Multi Turboprops
1195000,Private Jets
1195000,Private Jets
1195000,Private Jets
1200000,Military / Classic / Vintage
1200000,Turbine Helicopters
1150000,Private Jets
1150000,Private Jets
1150000,Private Jets
1150000,Turbine Helicopters
1175000,Turbine Helicopters
1195000,Private Jets
1200000,Multi Turboprops
1200000,Private Jets
1200000,Multi Turboprops
1200000,Turbine Helicopters
1225000,Multi Turboprops
1245000,Turbine Helicopters
1100000,Multi Turboprops
1100000,Multi Turboprops
1150000,Private Jets
1150000,Turbine Helicopters
1150000,Multi Turboprops
1150000,Private Jets
999000,Multi Turboprops
999900,Turbine Helicopters
1000000,Private Jets
1000000,Turbine Helicopters
1025000,Turbine Helicopters
1050000,Multi Turboprops
1049000,Single Piston
1050000,Multi Turboprops
1075000,Private Jets
1075000,Turbine Helicopters
1080000,Turbine Helicopters
1080000,Turbine Helicopters
1090000,Turbine Helicopters
1200000,Turbine Helicopters
1099000,Turbine Helicopters
995000,Private Jets
1225000,Multi Turboprops
899000,Multi Turboprops
899000,Multi Turboprops
899000,Single Piston
899000,Multi Turboprops
899900,Single Piston
922000,Turbine Helicopters
895000,Turbine Helicopters
895000,Multi Turboprops
950000,Turbine Helicopters
950000,Multi Turboprops
985000,Turbine Helicopters
990000,Multi Turboprops
990000,Multi Turboprops
995000,Private Jets
995000,Turbine Helicopters
995000,Private Jets
995000,Multi Turboprops
995000,Private Jets
985000,Private Jets
895000,Private Jets
845000,Private Jets
849000,Multi Turboprops
849000,Multi Turboprops
850000,Private Jets
850000,Turbine Helicopters
865000,Single Piston
875000,Turbine Helicopters
875000,Private Jets
889000,Single Piston
889000,Single Piston
889000,Single Piston
890000,Turbine Helicopters
890000,Turbine Helicopters
895000,Multi Turboprops
850000,Turbine Helicopters
855000,Turbine Helicopters
850000,Turbine Helicopters
845000,Single Piston
815000,Turbine Helicopters
775000,Turbine Helicopters
775000,Private Jets
775000,Turbine Helicopters
775000,Single Piston
795000,Multi Turboprops
795000,Multi Turboprops
795000,Private Jets
795000,Private Jets
800000,Private Jets
799000,Single Piston
800000,Multi Turboprops
809000,Single Piston
819000,Single Piston
825000,Multi Turboprops
825000,Turbine Helicopters
825000,Private Jets
795000,Single Piston
879000,Multi Turboprops
745000,Single Piston
749000,Single Piston
695000,Multi Turboprops
695000,Multi Turboprops
699000,Turbine Helicopters
699000,Turbine Helicopters
699000,Turbine Helicopters
700000,Multi Turboprops
700000,Turbine Helicopters
709000,Single Piston
710000,Turbine Helicopters
725000,Private Jets
725000,Turbine Helicopters
725000,Single Piston
730000,Private Jets
735000,Turbine Helicopters
742000,Multi Turboprops
745000,Multi Turboprops
750000,Turbine Helicopters
700000,Turbine Helicopters
830000,Turbine Helicopters
815000,Multi Turboprops
695000,Turbine Helicopters
695000,Turbine Helicopters
695000,Turbine Helicopters
650000,Turbine Helicopters
650000,Turbine Helicopters
650000,Private Jets
650000,Turbine Helicopters
650000,Single Piston
650000,Single Piston
660000,Turbine Helicopters
675000,Turbine Helicopters
669000,Single Piston
680000,Turbine Helicopters
680000,Turbine Helicopters
685000,Turbine Helicopters
680000,Turbine Helicopters
689000,Single Piston
695000,Turbine Helicopters
655000,Single Piston
645000,Multi Turboprops
695000,Turbine Helicopters
649000,Private Jets
649000,Multi Turboprops
649000,Single Piston
649500,Private Jets
650000,Multi Turboprops
595000,Turbine Helicopters
595000,Multi Turboprops
595000,Turbine Helicopters
615000,Single Piston
599995,Turbine Helicopters
625000,Piston Helicopters
625000,Turbine Helicopters
625000,Single Piston
625000,Single Piston
640000,Single Piston
645000,Multi Turboprops
639000,Single Piston
625000,Turbine Helicopters
550000,Single Piston
555000,Multi Turboprops
555000,Single Piston
559000,Single Piston
559000,Single Piston
559000,Turbine Helicopters
560000,Single Piston
569000,Single Piston
574000,Piston Helicopters
575000,Single Piston
575000,Turbine Helicopters
585000,Turbine Helicopters
575000,Twin Piston
589000,Single Piston
595000,Private Jets
575000,Single Piston
595000,Multi Turboprops
595000,Multi Turboprops
619000,Piston Helicopters
499000,Single Piston
499000,Turbine Helicopters
499900,Single Piston
500000,Private Jets
595000,Multi Turboprops
520760,Piston Helicopters
525000,Turbine Helicopters
532000,Piston Helicopters
535000,Turbine Helicopters
549000,Single Piston
549000,Single Piston
550000,Turbine Helicopters
550000,Private Jets
550000,Turbine Helicopters
550000,Turbine Helicopters
550000,Turbine Helicopters
550000,Multi Turboprops
550000,Private Jets
550000,Multi Turboprops
505850,Turbine Helicopters
595000,Multi Turboprops
595000,Private Jets
495000,Turbine Helicopters
450000,Multi Turboprops
450000,Multi Turboprops
450000,Turbine Helicopters
450000,Single Piston
450000,Single Piston
459900,Single Piston
459000,Single Piston
469000,Turbine Helicopters
480000,Multi Turboprops
485000,Turbine Helicopters
489000,Piston Helicopters
485000,Single Piston
490000,Turbine Helicopters
495000,Turbine Helicopters
495000,Turbine Helicopters
495000,Turbine Helicopters
455000,Piston Helicopters
449000,Turbine Helicopters
450000,Single Piston
400000,Turbine Helicopters
419000,Single Piston
419900,Twin Piston
420000,Turbine Helicopters
420000,Twin Piston
420000,Turbine Helicopters
420000,Piston Helicopters
425000,Single Piston
425000,Turbine Helicopters
425000,Turbine Helicopters
430000,Military / Classic / Vintage
430000,Piston Helicopters
439000,Single Piston
440000,Turbine Helicopters
444000,Piston Helicopters
445000,Turbine Helicopters
446000,Piston Helicopters
419000,Single Piston
375000,Single Piston
375000,Military / Classic / Vintage
375000,Multi Turboprops
375000,Military / Classic / Vintage
375000,Twin Piston
379500,Twin Piston
385000,Turbine Helicopters
385000,Private Jets
390000,Turbine Helicopters
390000,Piston Helicopters
390000,Turbine Helicopters
395000,Private Jets
395000,Turbine Helicopters
395000,Turbine Helicopters
395000,Private Jets
395000,Private Jets
399000,Piston Helicopters
399000,Private Jets
379000,Twin Piston
438000,Single Piston
339000,Piston Helicopters
335900,Piston Helicopters
340000,Piston Helicopters
339600,Single Piston
345000,Turbine Helicopters
345000,Piston Helicopters
347000,Piston Helicopters
349000,Twin Piston
349000,Twin Piston
349000,Private Jets
349500,Single Piston
349500,Single Piston
350000,Turbine Helicopters
350000,Turbine Helicopters
350000,Turbine Helicopters
358000,Piston Helicopters
365000,Single Piston
360000,Twin Piston
375000,Private Jets
345000,Single Piston
400000,Twin Piston
495000,Private Jets
330000,Turbine Helicopters
300000,Private Jets
302100,Single Piston
310000,Twin Piston
310000,Piston Helicopters
312000,Single Piston
315000,Single Piston
320000,Turbine Helicopters
320000,Piston Helicopters
320000,Turbine Helicopters
325000,Multi Turboprops
325000,Turbine Helicopters
327000,Single Piston
329000,Single Piston
327000,Single Piston
329000,Single Piston
333000,Piston Helicopters
335000,Single Piston
310000,Turbine Helicopters
310000,Piston Helicopters
299000,Piston Helicopters
299000,Single Piston
272000,Piston Helicopters
275000,Private Jets
275000,Single Piston
279000,Single Piston
279000,Single Piston
290000,Single Piston
280000,Single Piston
295000,Single Piston
295000,Single Piston
295000,Piston Helicopters
295000,Single Piston
295000,Piston Helicopters
298000,Piston Helicopters
299000,Single Piston
299000,Twin Piston
299500,Single Piston
300000,Turbine Helicopters
279950,Piston Helicopters
270000,Piston Helicopters
255000,Single Piston
259000,Single Piston
259000,Single Piston
259500,Single Piston
230000,Piston Helicopters
239000,Single Piston
242000,Single Piston
245000,Single Piston
245000,Multi Turboprops
249000,Twin Piston
249000,Single Piston
260000,Single Piston
260000,Turbine Helicopters
260000,Twin Piston
269000,Single Piston
260000,Piston Helicopters
270000,Turbine Helicopters
270000,Piston Helicopters
250000,Turbine Helicopters
230000,Single Piston
190000,Single Piston
190000,Military / Classic / Vintage
195000,Multi Turboprops
199000,Twin Piston
205000,Single Piston
210000,Single Piston
215000,Single Piston
215000,Single Piston
215000,Single Piston
219000,Single Piston
219000,Twin Piston
220000,Twin Piston
220000,Ultralight
225000,Piston Helicopters
229000,Single Piston
229500,Single Piston
230000,Turbine Helicopters
199950,Single Piston
201000,Single Piston
190000,Single Piston
169950,Twin Piston
165000,Single Piston
175000,Single Piston
175000,Twin Piston
179000,Single Piston
176900,Single Piston
179000,Single Piston
180000,Piston Helicopters
180000,Turbine Helicopters
180000,Military / Classic / Vintage
185000,Piston Helicopters
185000,Multi Turboprops
185000,Twin Piston
187000,Single Piston
189000,Twin Piston
189500,Single Piston
189500,Single Piston
189995,Single Piston
179000,Piston Helicopters
159000,Piston Helicopters
160000,Twin Piston
160000,Twin Piston
115000,Single Piston
125000,Twin Piston
120000,Single Piston
129400,Military / Classic / Vintage
125000,Single Piston
130000,Twin Piston
130000,Turbine Helicopters
135000,Single Piston
135000,Piston Helicopters
139900,Single Piston
139500,Twin Piston
145000,Single Piston
150000,Military / Classic / Vintage
150000,Single Piston
150000,Private Jets
162500,Single Piston
130000,Single Piston
115000,Twin Piston
89995,Single Piston
92500,Twin Piston
92950,Twin Piston
95000,Piston Helicopters
95000,Piston Helicopters
99000,Single Piston
110000,Single Piston
110000,Piston Helicopters
110000,Single Piston
110000,Military / Classic / Vintage
110000,Single Piston
111000,Single Piston
96000,Military / Classic / Vintage
100000,Twin Piston
95000,Single Piston
90000,Piston Helicopters
88000,Single Piston
87995,Single Piston
55000,Single Piston
48500,Single Piston
50000,Single Piston
55000,Single Piston
59000,Single Piston
63000,Military / Classic / Vintage
65000,Single Piston
65000,Turbine Helicopters
68595,Single Piston
70000,Gyrocopter
75000,Multi Turboprops
78500,Military / Classic / Vintage
79000,Single Piston
79500,Single Piston
60000,Single Piston
60000,Single Piston
115000,Single Piston
49000,Piston Helicopters
58500,Single Piston
44000,Single Piston
18900,Single Piston
22000,Single Piston
24950,Single Piston
22850,Single Piston
26999,Single Piston
28000,Single Piston
31000,Single Piston
34500,Single Piston
36000,Single Piston
36000,Single Piston
36000,Single Piston
36500,Single Piston
69000,Single Piston
